Name,Algorithm,Reduced,Iterations,Time
25594_3,simple greedy,True,9,27.576255083084106
83356_2,simple greedy,True,7,19.107900857925415
85133_2,simple greedy,True,4,10.025190591812134
126139_3,simple greedy,True,13,34.593488931655884
153196_1,simple greedy,True,6,15.32302212715149
129427_1,simple greedy,True,14,37.279303312301636
164852_2,simple greedy,True,5,13.529817819595337
139961_3,simple greedy,True,11,29.593867540359497
47336_1,simple greedy,True,3,7.728331089019775
90456_2,simple greedy,True,13,33.45852303504944
101951_1,simple greedy,False,28,71.93462920188904
120379_3,simple greedy,True,28,71.87454032897949
63617_1,simple greedy,True,7,17.271817922592163
108230_2,simple greedy,True,8,20.384515285491943
117774_3,simple greedy,False,7,18.453672647476196
66369_1,simple greedy,True,22,52.947351932525635
975_2,simple greedy,True,2,4.502958059310913
99541_1,simple greedy,True,5,13.03431224822998
145420_1,simple greedy,True,7,18.336962461471558
173337_1,simple greedy,False,36,91.35672163963318
29068_3,simple greedy,True,9,22.753153800964355
89790_3,simple greedy,True,6,15.596590280532837
9421_2,simple greedy,True,3,7.458053350448608
156391_3,simple greedy,True,1,2.593061685562134
103663_1,simple greedy,True,7,17.512260913848877
146561_3,simple greedy,True,3,7.7053937911987305
135257_3,simple greedy,True,8,21.345914125442505
154401_2,simple greedy,True,5,12.409812927246094
155235_3,simple greedy,True,12,31.515234231948853
94829_2,simple greedy,True,2,4.987660646438599
125383_3,simple greedy,True,14,34.03299593925476
166844_1,simple greedy,False,33,83.05303692817688
31031_2,simple greedy,True,5,12.780076742172241
60358_1,simple greedy,True,8,19.935822010040283
95125_3,simple greedy,False,18,43.842195987701416
124155_2,simple greedy,False,28,84.39630079269409
12331_1,simple greedy,True,3,7.757257461547852
153488_3,simple greedy,True,4,12.425769805908203
109580_1,simple greedy,True,13,34.30527472496033
157279_2,simple greedy,True,5,13.169780254364014
70516_1,simple greedy,True,12,28.831123113632202
82028_1,simple greedy,True,8,17.80240297317505
87768_1,simple greedy,True,6,13.669442415237427
58520_1,simple greedy,True,1,2.479368209838867
121993_1,simple greedy,True,19,41.73644828796387
79772_3,simple greedy,True,1,2.23207426071167
157417_3,simple greedy,True,14,32.47580552101135
155769_2,simple greedy,True,3,6.923487663269043
63004_3,simple greedy,True,11,25.541135787963867
75577_3,simple greedy,False,33,73.41087555885315
71486_2,simple greedy,True,3,6.897561550140381
73186_2,simple greedy,True,8,18.139013290405273
48307_3,simple greedy,True,4,8.915464878082275
111263_3,simple greedy,True,6,13.766242265701294
89942_3,simple greedy,True,14,32.972562313079834
24284_1,simple greedy,True,1,2.236021041870117
55185_1,simple greedy,True,9,19.048061847686768
144421_3,simple greedy,True,3,7.022540092468262
59288_1,simple greedy,True,11,24.463593006134033
142278_1,simple greedy,True,8,19.275510549545288
5675_2,simple greedy,True,3,6.835720539093018
138206_2,simple greedy,True,8,18.504549503326416
169433_3,simple greedy,True,12,26.7176616191864
19950_3,simple greedy,True,10,21.71024465560913
103943_1,simple greedy,True,5,12.844703674316406
4772_2,simple greedy,True,3,6.800812005996704
55554_3,simple greedy,True,9,19.990578413009644
137655_1,simple greedy,True,23,52.05138325691223
102492_2,simple greedy,True,3,6.372956037521362
149532_2,simple greedy,False,26,59.63671064376831
137032_2,simple greedy,True,18,41.20387053489685
59024_1,simple greedy,True,5,11.907463550567627
77053_1,simple greedy,True,17,39.251057386398315
119691_2,simple greedy,True,12,32.003936529159546
113785_1,simple greedy,True,15,39.469451904296875
146206_2,simple greedy,True,9,24.146173000335693
32219_2,simple greedy,True,2,5.002622365951538
118506_1,simple greedy,True,3,7.553802967071533
86768_3,simple greedy,True,1,2.252974033355713
113903_1,simple greedy,True,21,49.842302083969116
37068_1,simple greedy,True,8,18.414803981781006
128788_1,simple greedy,True,4,10.366276264190674
143495_2,simple greedy,True,7,17.178582191467285
67322_3,simple greedy,True,6,14.505208253860474
149923_2,simple greedy,True,15,36.84793472290039
52263_3,simple greedy,True,21,50.64005470275879
63926_3,simple greedy,True,7,18.410783767700195
1294_3,simple greedy,True,13,33.102372884750366
67405_3,simple greedy,True,14,33.17786931991577
82259_2,simple greedy,True,5,13.044127702713013
42389_1,simple greedy,True,8,19.491919994354248
97183_3,simple greedy,False,33,78.62400817871094
165827_2,simple greedy,True,6,14.732567548751831
150165_1,simple greedy,True,6,14.696747541427612
153410_1,simple greedy,False,6,14.179040670394897
160957_1,simple greedy,True,3,6.963382720947266
167212_2,simple greedy,True,8,19.108941078186035
48799_2,simple greedy,True,3,7.391272783279419
148578_2,simple greedy,True,11,26.811670780181885
93803_3,simple greedy,True,1,2.563154935836792
94480_2,simple greedy,False,32,75.65592408180237
137290_1,simple greedy,True,3,7.377273082733154
47993_1,simple greedy,True,9,21.025785446166992
74924_2,simple greedy,True,14,35.7983033657074
91134_1,simple greedy,True,14,33.55527663230896
104373_2,simple greedy,True,4,10.833081483840942
134356_3,simple greedy,True,4,9.681129455566406
38547_1,simple greedy,True,5,13.254613876342773
74241_1,simple greedy,True,4,10.222667455673218
116019_3,simple greedy,True,2,4.671547889709473
135565_2,simple greedy,True,2,4.669517278671265
51191_3,simple greedy,False,31,72.6359920501709
65266_1,simple greedy,True,8,19.462958335876465
97059_3,simple greedy,True,9,22.05802869796753
101602_3,simple greedy,True,10,25.466909170150757
72649_2,simple greedy,True,9,22.003567457199097
138806_2,simple greedy,True,1,2.4524412155151367
100888_2,simple greedy,True,4,9.064759016036987
118014_1,simple greedy,True,13,33.582226276397705
141981_1,simple greedy,True,19,45.86838936805725
143075_2,simple greedy,True,12,28.391089916229248
148126_2,simple greedy,True,7,17.530136346817017
156947_2,simple greedy,True,2,4.7173919677734375
102905_2,simple greedy,True,12,31.30641508102417
24826_1,simple greedy,True,11,25.278404235839844
72734_3,simple greedy,True,7,16.526935815811157
52864_1,simple greedy,True,1,2.126314640045166
154123_2,simple greedy,True,4,9.910504817962646
54434_3,simple greedy,True,1,2.654906988143921
102355_1,simple greedy,True,12,29.294920206069946
127920_1,simple greedy,True,11,26.70215368270874
12738_2,simple greedy,True,17,43.36654758453369
173960_3,simple greedy,True,8,18.649296045303345
91343_3,simple greedy,True,11,25.885831117630005
165872_2,simple greedy,False,12,27.275436401367188
75930_1,simple greedy,True,5,12.56838846206665
103131_2,simple greedy,True,29,68.75824928283691
151230_2,simple greedy,True,4,9.534509897232056
58270_3,simple greedy,True,9,20.959963083267212
75921_2,simple greedy,True,12,29.28780961036682
165329_2,simple greedy,True,14,32.61588644981384
123305_2,simple greedy,True,10,25.96684765815735
112647_3,simple greedy,True,6,14.060442209243774
140878_3,simple greedy,True,11,26.420400857925415
150465_2,simple greedy,True,5,12.199374914169312
128679_2,simple greedy,True,9,22.990535974502563
141726_2,simple greedy,True,5,12.222315788269043
137079_1,simple greedy,True,23,53.71746897697449
173544_2,simple greedy,True,13,32.65438461303711
39291_3,simple greedy,True,1,2.3148081302642822
109402_2,simple greedy,True,16,40.32198762893677
43070_2,simple greedy,True,1,2.362179756164551
43665_1,simple greedy,True,12,27.47203826904297
19845_2,simple greedy,True,13,32.20655918121338
139801_1,simple greedy,True,11,26.76343822479248
62814_2,simple greedy,True,11,29.070277452468872
80562_2,simple greedy,True,10,24.045965671539307
130642_3,simple greedy,True,12,28.284416675567627
133249_3,simple greedy,True,12,29.06937050819397
3212_1,simple greedy,True,20,48.922186613082886
12889_1,simple greedy,True,5,11.387559175491333
131936_2,simple greedy,True,5,12.773842334747314
48509_2,simple greedy,True,2,4.6625730991363525
62589_3,simple greedy,True,4,9.355979442596436
137584_1,simple greedy,False,27,67.06005477905273
47874_2,simple greedy,True,2,4.802156209945679
147222_1,simple greedy,True,4,9.667153120040894
16006_2,simple greedy,True,6,14.787518501281738
7461_3,simple greedy,True,1,2.119335174560547
76911_2,simple greedy,True,2,5.025623321533203
89053_3,simple greedy,True,8,19.008169412612915
1045_1,simple greedy,True,15,33.84177112579346
3119_3,simple greedy,True,9,21.599239110946655
174444_1,simple greedy,False,4,9.255273342132568
32825_2,simple greedy,True,2,4.584738731384277
157568_3,simple greedy,True,15,36.13441848754883
41407_3,simple greedy,True,11,27.442200899124146
123800_1,simple greedy,True,6,15.327011823654175
26133_3,simple greedy,True,5,12.62025785446167
64066_1,simple greedy,True,4,9.633239269256592
131956_1,simple greedy,True,7,17.878652095794678
47286_1,simple greedy,True,9,21.68307089805603
67398_2,simple greedy,True,1,2.349134922027588
109317_1,simple greedy,True,2,5.045544624328613
129851_2,simple greedy,True,4,10.298511266708374
102797_2,simple greedy,False,21,54.75911784172058
49483_3,simple greedy,True,6,13.613690614700317
106029_3,simple greedy,True,17,45.737070083618164
121370_1,simple greedy,True,19,45.882452726364136
107589_1,simple greedy,True,3,7.821083307266235
151831_3,simple greedy,True,12,27.650119066238403
106260_3,simple greedy,True,1,2.484355926513672
173822_3,simple greedy,True,17,41.428316831588745
39163_1,simple greedy,True,8,19.32234764099121
131974_3,simple greedy,True,3,7.881918907165527
16720_3,simple greedy,True,11,25.078936338424683
128518_3,simple greedy,True,1,2.685816526412964
130464_2,simple greedy,True,3,6.852701663970947
44230_3,simple greedy,True,6,13.984601974487305
14030_1,simple greedy,True,21,48.337823152542114
145115_2,simple greedy,True,8,19.405149221420288
145545_1,simple greedy,True,2,4.865991592407227
95409_1,simple greedy,True,7,17.729820013046265
114569_3,simple greedy,True,9,21.18535566329956
152074_3,simple greedy,True,5,12.807772397994995
155669_1,simple greedy,True,8,21.065651893615723
151019_2,simple greedy,True,3,7.571767330169678
161498_2,simple greedy,False,7,16.87315034866333
79915_1,simple greedy,True,15,35.070234298706055
121591_1,simple greedy,True,10,24.202330112457275
170700_1,simple greedy,True,8,18.433703422546387
158643_2,simple greedy,False,30,73.56731724739075
23722_2,simple greedy,True,5,11.629899024963379
161960_2,simple greedy,False,29,68.73393130302429
169591_3,simple greedy,True,1,2.3806333541870117
108417_1,simple greedy,True,14,33.82509803771973
85592_2,simple greedy,True,6,15.083613634109497
93873_2,simple greedy,True,9,20.760788679122925
70398_1,simple greedy,True,11,28.512106895446777
86799_1,simple greedy,True,9,22.07403564453125
139319_1,simple greedy,True,27,66.47610020637512
111330_2,simple greedy,False,12,28.24456810951233
155314_1,simple greedy,True,3,7.906891345977783
142344_2,simple greedy,True,6,14.39974570274353
25235_1,simple greedy,True,17,39.36321401596069
37580_1,simple greedy,True,7,18.709644556045532
150803_3,simple greedy,True,1,3.973374605178833
108848_3,simple greedy,True,7,19.061026096343994
156431_3,simple greedy,True,6,14.989928007125854
60211_1,simple greedy,True,12,30.3997700214386
136312_2,simple greedy,True,7,17.96031355857849
27787_3,simple greedy,True,8,18.76282286643982
39849_3,simple greedy,False,27,65.66093969345093
66175_1,simple greedy,True,13,33.57453918457031
122464_1,simple greedy,True,21,50.45719790458679
147263_1,simple greedy,True,10,24.572728872299194
92636_1,simple greedy,True,9,23.35758376121521
79367_2,simple greedy,True,11,25.701345920562744
103854_2,simple greedy,True,7,18.61222743988037
92082_2,simple greedy,True,14,36.13634014129639
128945_3,simple greedy,False,28,68.8340163230896
169067_1,simple greedy,True,5,11.584231615066528
57014_1,simple greedy,True,9,21.875558137893677
148666_3,simple greedy,False,12,30.885425090789795
154127_3,simple greedy,True,2,5.029637098312378
95242_2,simple greedy,True,12,30.112496852874756
160938_3,simple greedy,False,2,4.781212568283081
3099_2,simple greedy,True,14,33.556119441986084
164024_1,simple greedy,True,8,20.24693489074707
61905_3,simple greedy,True,10,23.87915325164795
85080_3,simple greedy,True,1,2.6279819011688232
121412_3,simple greedy,True,4,9.538502216339111
121909_2,simple greedy,True,17,41.053126096725464
163306_2,simple greedy,True,1,2.5641419887542725
43036_2,simple greedy,True,8,19.724252939224243
94938_1,simple greedy,True,2,4.597713232040405
102975_3,simple greedy,True,3,7.133923053741455
109726_3,simple greedy,True,7,16.10992670059204
87219_2,simple greedy,True,6,15.382505416870117
49545_2,simple greedy,True,12,28.979904413223267
7337_3,simple greedy,True,13,31.346187829971313
31713_1,simple greedy,True,10,24.3399555683136
56419_3,simple greedy,True,10,25.172711610794067
68819_2,simple greedy,True,3,7.145899772644043
94468_1,simple greedy,True,10,23.957947969436646
170869_2,simple greedy,True,3,7.501446723937988
173423_3,simple greedy,True,8,18.472628116607666
166477_3,simple greedy,True,6,15.440860271453857
3551_2,simple greedy,True,1,2.293905019760132
132121_3,simple greedy,True,14,34.90528917312622
160791_2,simple greedy,True,9,22.137099266052246
94431_1,simple greedy,True,9,20.958999156951904
157603_1,simple greedy,True,4,9.770875692367554
104596_1,simple greedy,True,6,14.569036960601807
147607_3,simple greedy,True,9,23.126163721084595
25246_2,simple greedy,True,11,26.917063236236572
157337_2,simple greedy,True,11,28.478843212127686
163162_3,simple greedy,False,11,25.86110496520996
143996_2,simple greedy,True,7,16.81071138381958
126081_1,simple greedy,True,5,12.835682153701782
158564_1,simple greedy,True,2,4.790189027786255
53124_3,simple greedy,True,13,31.95867943763733
49092_3,simple greedy,True,17,39.82903504371643
83792_1,simple greedy,True,10,23.73056125640869
139747_3,simple greedy,True,23,55.45960521697998
155452_3,simple greedy,True,13,30.757768392562866
89053_1,simple greedy,True,7,16.26288866996765
123580_1,simple greedy,True,8,19.007219552993774
140099_1,simple greedy,True,3,7.258591413497925
167221_3,simple greedy,True,6,14.594218969345093
153580_3,simple greedy,True,3,7.378014802932739
20399_3,simple greedy,True,13,32.57818293571472
131736_3,simple greedy,True,22,53.732399463653564
62310_3,simple greedy,True,9,24.13146996498108
54263_1,simple greedy,True,10,25.667273998260498
67058_2,simple greedy,False,12,25.739189863204956
156844_2,simple greedy,True,13,32.01183080673218
77671_1,simple greedy,True,10,23.78041124343872
145085_2,simple greedy,True,10,25.094409465789795
28069_3,simple greedy,True,22,50.97379112243652
167392_1,simple greedy,True,22,52.799360036849976
79180_1,simple greedy,True,5,12.324045658111572
79875_3,simple greedy,True,13,31.23062038421631
19114_3,simple greedy,True,10,26.530183792114258
73635_1,simple greedy,True,15,37.70222020149231
45823_2,simple greedy,True,3,6.972353935241699
92261_2,simple greedy,True,4,9.150535821914673
155482_3,simple greedy,False,28,67.27925777435303
83843_3,simple greedy,True,8,20.39350652694702
8481_1,simple greedy,True,11,26.60900592803955
128361_1,simple greedy,True,15,36.53336429595947
169263_2,simple greedy,True,5,12.345982313156128
11186_3,simple greedy,True,13,31.210557222366333
162873_3,simple greedy,True,4,9.824721336364746
107657_3,simple greedy,True,10,25.781510591506958
172583_1,simple greedy,True,14,34.24253606796265
65327_3,simple greedy,True,25,60.438475608825684
7525_1,simple greedy,True,18,40.29035568237305
107908_1,simple greedy,True,2,4.839069128036499
115342_1,simple greedy,True,8,19.92020893096924
129880_2,simple greedy,True,7,17.6009304523468
142455_1,simple greedy,True,10,24.628647565841675
164748_1,simple greedy,False,8,18.472604274749756
170231_2,simple greedy,True,1,2.797518730163574
43640_2,simple greedy,True,3,7.139904975891113
108940_1,simple greedy,True,15,36.54567217826843
29370_2,simple greedy,True,3,7.3473498821258545
164585_2,simple greedy,False,27,66.67779850959778
36934_2,simple greedy,True,13,34.285783767700195
122848_1,simple greedy,True,10,25.418043613433838
102894_3,simple greedy,True,13,33.48798632621765
130646_1,simple greedy,False,29,70.29532051086426
150835_2,simple greedy,True,12,31.048916578292847
23572_3,simple greedy,True,5,11.18510103225708
32205_1,simple greedy,True,2,4.691454648971558
110579_1,simple greedy,True,17,41.67898964881897
142240_2,simple greedy,True,2,5.241034269332886
138121_3,simple greedy,True,16,37.831122159957886
72277_1,simple greedy,True,22,52.46478009223938
80209_1,simple greedy,True,13,31.85823917388916
30407_2,simple greedy,True,4,10.200722455978394
110447_2,simple greedy,True,11,26.857319831848145
172372_1,simple greedy,True,4,10.594686269760132
66299_3,simple greedy,True,15,36.98332071304321
125197_2,simple greedy,True,3,7.349349021911621
140273_2,simple greedy,True,14,33.2930223941803
68505_3,simple greedy,True,9,20.583223819732666
109903_3,simple greedy,True,1,2.28289532661438
49503_2,simple greedy,True,10,23.856680870056152
123972_1,simple greedy,True,9,22.28112268447876
129668_1,simple greedy,False,7,17.164345026016235
109652_2,simple greedy,True,3,9.019878387451172
22353_3,simple greedy,True,11,26.988883018493652
70303_1,simple greedy,True,8,19.228584051132202
148748_2,simple greedy,True,4,9.954380750656128
123263_1,simple greedy,True,2,5.158206224441528
136603_3,simple greedy,True,11,25.801450490951538
4271_3,simple greedy,True,8,18.560818195343018
24143_3,simple greedy,True,8,19.123889207839966
113762_1,simple greedy,True,1,2.308872938156128
171544_1,simple greedy,True,13,33.04415273666382
31777_2,simple greedy,True,4,9.383904457092285
117179_1,simple greedy,True,14,33.52147316932678
31304_3,simple greedy,True,14,32.82750391960144
111022_3,simple greedy,True,14,34.318236351013184
97108_2,simple greedy,True,4,9.694076776504517
151684_1,simple greedy,True,3,7.196090936660767
163395_1,simple greedy,True,13,31.874762773513794
20695_2,simple greedy,True,5,12.814780473709106
105682_3,simple greedy,True,4,9.844722032546997
50972_1,simple greedy,True,10,25.843905687332153
163838_2,simple greedy,True,1,2.3492279052734375
35467_3,simple greedy,True,1,2.78056263923645
82173_2,simple greedy,True,10,24.78512477874756
9148_1,simple greedy,True,20,46.90130639076233
2639_3,simple greedy,True,8,19.818482637405396
55998_1,simple greedy,True,4,9.73412799835205
150916_3,simple greedy,True,10,25.635541439056396
57514_2,simple greedy,True,7,17.816354274749756
100719_3,simple greedy,True,10,24.416318655014038
155825_1,simple greedy,True,12,32.2786865234375
25737_1,simple greedy,True,4,10.033182859420776
172645_2,simple greedy,True,23,56.088661670684814
134174_1,simple greedy,True,6,15.529609203338623
55549_3,simple greedy,True,9,20.26680016517639
147503_2,simple greedy,True,11,26.035423517227173
60880_3,simple greedy,True,12,28.796132802963257
59939_1,simple greedy,True,27,66.7950086593628
112557_2,simple greedy,True,4,9.752925395965576
116808_3,simple greedy,True,4,9.690143346786499
94333_2,simple greedy,True,15,35.85159468650818
148360_2,simple greedy,True,7,18.167380571365356
167539_2,simple greedy,True,2,5.177205801010132
25152_3,simple greedy,True,7,16.788111209869385
82879_3,simple greedy,True,8,20.50818181037903
126766_3,simple greedy,True,11,27.313503742218018
154847_3,simple greedy,True,13,31.61267614364624
102528_3,simple greedy,True,4,9.251258373260498
159829_2,simple greedy,True,33,79.44996762275696
95451_3,simple greedy,True,16,39.74474620819092
139810_3,simple greedy,True,17,39.56027626991272
132181_2,simple greedy,False,29,68.44011878967285
127735_3,simple greedy,True,7,17.98529028892517
164037_3,simple greedy,True,10,24.35502600669861
24171_3,simple greedy,True,10,23.59829306602478
53304_2,simple greedy,True,15,35.9558961391449
56611_2,simple greedy,True,5,11.94506573677063
157413_3,simple greedy,True,4,10.24866509437561
81780_2,simple greedy,True,8,19.176721572875977
17231_2,simple greedy,True,11,26.404436826705933
82413_3,simple greedy,True,9,22.2090904712677
150621_3,simple greedy,False,30,71.51544165611267
145037_1,simple greedy,False,25,63.169492959976196
67490_3,simple greedy,True,10,24.723978519439697
112531_1,simple greedy,True,10,25.277445316314697
151422_1,simple greedy,True,7,17.4014732837677
129664_3,simple greedy,True,3,6.784316778182983
85207_3,simple greedy,False,30,72.42918634414673
109492_1,simple greedy,True,16,39.13856911659241
77750_3,simple greedy,True,10,22.894861698150635
85377_1,simple greedy,True,3,7.330395221710205
47904_3,simple greedy,True,8,19.014161825180054
108117_3,simple greedy,True,2,5.3287482261657715
118549_2,simple greedy,True,16,40.32916593551636
149356_2,simple greedy,True,15,36.96608281135559
165548_1,simple greedy,True,7,18.422807455062866
107115_2,simple greedy,True,11,28.029062747955322
147048_1,simple greedy,True,1,2.3168041706085205
91697_2,simple greedy,True,3,6.832733869552612
158305_1,simple greedy,True,9,20.763405084609985
78649_3,simple greedy,True,3,7.125989198684692
127335_1,simple greedy,True,4,9.850147008895874
152475_3,simple greedy,True,9,23.177137851715088
24079_2,simple greedy,True,13,32.5120735168457
49997_3,simple greedy,True,6,15.379877805709839
55292_2,simple greedy,True,10,25.814868211746216
131314_3,simple greedy,True,11,27.26119041442871
131752_1,simple greedy,True,30,71.03336000442505
92859_1,simple greedy,True,13,30.793666124343872
124071_3,simple greedy,True,2,4.944775819778442
124338_3,simple greedy,True,2,4.957040786743164
100338_3,simple greedy,True,2,4.780223369598389
130723_1,simple greedy,True,5,12.150548696517944
130982_1,simple greedy,True,14,35.94776749610901
132159_1,simple greedy,True,6,14.936054944992065
75448_2,simple greedy,True,3,7.156899452209473
84746_2,simple greedy,True,25,59.42912673950195
74251_1,simple greedy,True,6,14.762537002563477
77089_1,simple greedy,True,9,21.50050640106201
74137_1,simple greedy,True,3,7.232695579528809
80746_3,simple greedy,True,7,18.17877745628357
94780_2,simple greedy,True,8,20.602908849716187
75837_2,simple greedy,True,2,4.807144403457642
107426_2,simple greedy,True,1,2.3008928298950195
109874_3,simple greedy,True,9,23.28773283958435
161870_2,simple greedy,True,17,41.67523908615112
74291_3,simple greedy,True,9,23.09053373336792
147518_1,simple greedy,True,12,27.85252833366394
124930_1,simple greedy,True,5,13.739269256591797
139700_3,simple greedy,True,8,20.34459376335144
163248_2,simple greedy,True,13,33.69098114967346
133002_3,simple greedy,True,10,26.588441371917725
148215_1,simple greedy,True,4,10.064305782318115
106796_3,simple greedy,True,11,27.37224555015564
76554_2,simple greedy,True,13,31.19875478744507
107689_2,simple greedy,True,9,22.442994832992554
78078_1,simple greedy,True,8,20.196998119354248
99897_2,simple greedy,True,9,21.810715198516846
104919_2,simple greedy,True,8,20.79364013671875
173854_1,simple greedy,True,16,37.72686314582825
113142_2,simple greedy,True,12,29.363543033599854
58031_3,simple greedy,True,4,9.920485973358154
26966_2,simple greedy,True,14,32.366904735565186
145211_3,simple greedy,True,6,14.02978229522705
54871_2,simple greedy,True,4,10.222662925720215
84954_3,simple greedy,True,11,28.82697367668152
102027_1,simple greedy,True,17,41.14515542984009
53662_1,simple greedy,True,7,17.79346227645874
114966_2,simple greedy,True,13,30.24969792366028
88734_2,simple greedy,True,10,25.043035745620728
23938_1,simple greedy,True,7,18.35132622718811
118643_3,simple greedy,False,25,60.39453673362732
105217_1,simple greedy,True,1,2.19512939453125
75515_3,simple greedy,True,10,23.592918634414673
81768_2,simple greedy,True,6,14.069501638412476
160122_3,simple greedy,True,7,17.438682794570923
118448_3,simple greedy,True,14,37.070444107055664
60841_3,simple greedy,True,4,10.045187950134277
70622_1,simple greedy,True,21,50.282958030700684
169447_2,simple greedy,False,29,70.85556507110596
6329_1,simple greedy,True,14,32.60892128944397
99997_1,simple greedy,False,13,30.26307463645935
11287_1,simple greedy,True,8,18.067002534866333
81643_2,simple greedy,True,10,23.5883526802063
140640_2,simple greedy,True,8,19.81043553352356
20362_2,simple greedy,True,6,14.498255491256714
31625_3,simple greedy,True,14,34.80441665649414
157570_1,simple greedy,True,24,57.86553192138672
8611_2,simple greedy,True,1,2.188147783279419
104941_3,simple greedy,True,17,44.060630798339844
68570_1,simple greedy,True,17,40.23377275466919
45155_1,simple greedy,True,2,4.832078218460083
69403_3,simple greedy,True,9,21.98435139656067
94263_2,simple greedy,True,22,55.74336504936218
139588_3,simple greedy,True,3,7.4869771003723145
139498_3,simple greedy,True,6,15.731948137283325
139216_3,simple greedy,True,2,4.64258885383606
82470_2,simple greedy,True,8,19.24752712249756
133622_2,simple greedy,True,4,9.83968710899353
154006_1,simple greedy,True,8,18.417117834091187
49031_3,simple greedy,False,29,69.90378189086914
150491_2,simple greedy,True,5,12.096654415130615
128134_2,simple greedy,True,8,21.233227729797363
118050_3,simple greedy,True,2,4.8432581424713135
411_3,simple greedy,True,18,41.385340452194214
111546_1,simple greedy,True,11,28.06834626197815
24216_3,simple greedy,True,8,18.593692302703857
139285_1,simple greedy,True,9,21.48654818534851
146615_3,simple greedy,True,6,15.076744556427002
26979_2,simple greedy,True,13,30.6597900390625
33992_2,simple greedy,True,8,20.415420293807983
148242_1,simple greedy,False,20,50.30191421508789
170989_3,simple greedy,True,5,12.010895252227783
67228_1,simple greedy,True,6,14.978983879089355
23506_3,simple greedy,True,7,17.823355197906494
108327_3,simple greedy,True,7,17.145153760910034
64427_2,simple greedy,True,10,26.45525574684143
108738_1,simple greedy,True,6,15.615842342376709
117144_2,simple greedy,True,13,30.44308829307556
153354_3,simple greedy,True,9,21.37492537498474
125535_2,simple greedy,True,7,17.9217689037323
59235_2,simple greedy,True,6,14.559609413146973
89550_3,simple greedy,True,3,6.867672681808472
167232_1,simple greedy,True,10,24.87350082397461
135871_3,simple greedy,True,4,9.99465823173523
132355_1,simple greedy,True,6,13.297844409942627
146308_1,simple greedy,True,2,4.69644832611084
162070_1,simple greedy,True,6,13.736555099487305
19157_2,simple greedy,True,9,21.24077868461609
85634_2,simple greedy,True,9,21.852580070495605
52339_2,simple greedy,True,2,4.596714019775391
165221_1,simple greedy,False,33,79.04369926452637
120623_2,simple greedy,True,11,28.986613988876343
124436_1,simple greedy,True,1,2.6778476238250732
113732_1,simple greedy,True,3,7.186795473098755
114908_2,simple greedy,False,27,64.83948016166687
131850_2,simple greedy,False,11,26.83327293395996
118094_3,simple greedy,True,6,14.883209943771362
63158_2,simple greedy,True,10,24.001823663711548
162990_2,simple greedy,True,10,23.76190161705017
133108_3,simple greedy,True,9,22.300387382507324
51045_3,simple greedy,True,8,19.744300842285156
125939_2,simple greedy,True,4,9.96043848991394
165146_1,simple greedy,True,15,36.001423835754395
162899_1,simple greedy,True,2,4.652068614959717
77727_1,simple greedy,True,17,40.59271216392517
94991_1,simple greedy,True,8,18.569395065307617
115839_2,simple greedy,True,5,12.18043041229248
128159_2,simple greedy,False,16,41.58632850646973
167918_2,simple greedy,False,32,77.59129476547241
21802_1,simple greedy,True,8,20.3489670753479
23107_1,simple greedy,True,8,18.816718339920044
52657_3,simple greedy,True,5,12.124014616012573
167178_1,simple greedy,True,14,34.65968084335327
164177_1,simple greedy,True,4,9.244288682937622
44493_2,simple greedy,True,10,24.933382511138916
155056_3,simple greedy,True,11,26.733529567718506
82904_1,simple greedy,True,7,16.804078102111816
89084_1,simple greedy,True,15,35.399659156799316
93631_2,simple greedy,True,11,28.65401339530945
126783_1,simple greedy,True,7,17.064421892166138
63160_1,simple greedy,True,24,57.65619730949402
161695_1,simple greedy,True,4,10.373305082321167
124841_3,simple greedy,True,6,13.349301815032959
46108_2,simple greedy,True,9,22.541768312454224
132684_1,simple greedy,True,5,11.979963064193726
135376_3,simple greedy,True,12,30.224629878997803
138104_3,simple greedy,True,11,27.544652938842773
66631_3,simple greedy,True,12,32.33914923667908
88547_2,simple greedy,False,33,77.44744205474854
73941_1,simple greedy,True,15,35.16706895828247
131096_1,simple greedy,True,23,55.16665029525757
19151_3,simple greedy,True,5,12.099969387054443
95999_1,simple greedy,True,21,50.43246006965637
1940_3,simple greedy,True,13,31.215527534484863
28009_1,simple greedy,True,14,30.978156805038452
49412_2,simple greedy,True,8,19.908984422683716
107637_2,simple greedy,True,9,22.911771059036255
58153_1,simple greedy,True,13,30.847845554351807
111585_1,simple greedy,True,5,12.29113483428955
82539_2,simple greedy,True,3,6.828744888305664
114688_1,simple greedy,True,8,20.37852191925049
167743_2,simple greedy,True,3,7.186202764511108
89628_1,simple greedy,True,15,35.85137438774109
173537_3,simple greedy,True,11,28.573770999908447
118091_2,simple greedy,True,16,41.884339332580566
74489_1,simple greedy,True,18,43.838926553726196
104739_2,simple greedy,True,24,56.519110918045044
5902_3,simple greedy,True,4,9.193427085876465
117331_1,simple greedy,True,8,21.492614030838013
144067_2,simple greedy,True,19,47.549002170562744
138825_3,simple greedy,True,6,14.561301231384277
113813_2,simple greedy,False,28,69.0802800655365
98077_1,simple greedy,True,1,2.527240753173828
102467_1,simple greedy,True,7,17.353597164154053
44737_3,simple greedy,True,5,11.547132730484009
122200_1,simple greedy,True,6,15.315101623535156
115292_2,simple greedy,True,11,26.008500814437866
77128_1,simple greedy,True,8,18.552509784698486
82722_3,simple greedy,True,9,21.25615429878235
97627_1,simple greedy,False,30,71.4078757762909
102597_1,simple greedy,False,32,76.31346654891968
16183_1,simple greedy,True,21,50.456228733062744
13279_2,simple greedy,True,8,19.514875411987305
93932_2,simple greedy,True,16,37.95366096496582
107227_2,simple greedy,True,13,32.46740794181824
127598_1,simple greedy,True,2,5.155215740203857
79103_1,simple greedy,True,4,10.10502028465271
83082_1,simple greedy,True,7,16.012181520462036
69895_3,simple greedy,True,4,9.84866189956665
57521_3,simple greedy,True,12,28.838053703308105
154633_2,simple greedy,True,11,28.446036100387573
75056_2,simple greedy,True,16,37.262656450271606
79724_3,simple greedy,True,2,4.657545328140259
173116_3,simple greedy,True,10,24.167448043823242
77029_3,simple greedy,True,2,4.537870645523071
163465_2,simple greedy,True,6,14.601004123687744
124510_2,simple greedy,True,15,37.011032581329346
99229_3,simple greedy,True,23,55.57177925109863
167382_2,simple greedy,False,32,76.3281044960022
159790_3,simple greedy,True,7,16.738397359848022
135358_2,simple greedy,True,10,24.03276228904724
25119_2,simple greedy,True,7,17.296959400177002
110417_2,simple greedy,True,1,2.5970613956451416
122395_1,simple greedy,False,19,45.97375416755676
82955_1,simple greedy,True,2,5.097407817840576
174120_3,simple greedy,True,7,16.974005699157715
39392_2,simple greedy,True,12,26.99613070487976
134233_2,simple greedy,True,1,2.3437373638153076
90124_3,simple greedy,True,12,28.999247312545776
86637_2,simple greedy,True,2,4.934802055358887
122677_3,simple greedy,True,10,22.558683395385742
130731_3,simple greedy,True,5,11.450385808944702
76002_3,simple greedy,True,11,27.147767782211304
49963_3,simple greedy,True,7,17.606921911239624
79671_1,simple greedy,True,14,34.8009889125824
162981_3,simple greedy,True,4,10.217674732208252
115429_2,simple greedy,True,15,36.46149158477783
22548_1,simple greedy,True,22,52.43784499168396
49935_3,simple greedy,True,10,24.51720952987671
58661_1,simple greedy,True,2,5.041519403457642
141151_1,simple greedy,True,12,30.272367000579834
49416_2,simple greedy,True,2,4.5568132400512695
43629_3,simple greedy,False,28,66.07865691184998
52253_2,simple greedy,True,17,42.986066579818726
63141_2,simple greedy,True,21,49.069987773895264
131510_2,simple greedy,True,11,28.493122339248657
95979_3,simple greedy,True,17,42.06197142601013
164670_2,simple greedy,True,13,31.446398973464966
12902_2,simple greedy,True,12,28.606189966201782
167815_1,simple greedy,True,11,27.19271421432495
77606_3,simple greedy,True,10,24.40505599975586
83016_2,simple greedy,True,1,2.2320306301116943
58782_3,simple greedy,True,2,4.862512111663818
115747_2,simple greedy,True,16,43.40048551559448
99983_3,simple greedy,False,15,37.41305661201477
86572_3,simple greedy,True,8,20.90928840637207
134567_3,simple greedy,False,11,24.995689630508423
104048_1,simple greedy,True,7,17.22357726097107
109653_3,simple greedy,True,4,9.239298343658447
98656_2,simple greedy,True,17,41.88368320465088
91083_2,simple greedy,True,21,50.894482374191284
119407_1,simple greedy,True,10,23.217015743255615
106155_1,simple greedy,True,14,34.89068269729614
91508_3,simple greedy,True,7,17.066383361816406
114240_1,simple greedy,True,17,42.169252157211304
164031_2,simple greedy,True,2,5.084447383880615
155309_3,simple greedy,True,4,9.749939918518066
110574_1,simple greedy,True,10,24.69033694267273
2584_1,simple greedy,True,8,18.368019819259644
131582_3,simple greedy,True,12,29.50326156616211
137455_1,simple greedy,True,16,41.84516739845276
169073_1,simple greedy,True,6,13.572282791137695
9023_1,simple greedy,True,13,33.29497408866882
8926_2,simple greedy,True,9,22.1567645072937
13257_1,simple greedy,True,5,11.62989854812622
73069_3,simple greedy,True,7,17.058642625808716
50210_1,simple greedy,True,14,34.49577569961548
81996_3,simple greedy,True,17,40.89915680885315
64153_3,simple greedy,True,4,9.502638339996338
2474_3,simple greedy,True,12,28.258938312530518
147621_2,simple greedy,True,18,47.374505281448364
135250_2,simple greedy,True,9,21.607247591018677
120126_1,simple greedy,True,2,4.8849358558654785
120201_2,simple greedy,True,16,39.80760073661804
128147_2,simple greedy,True,4,10.161924839019775
127309_1,simple greedy,True,22,55.82023477554321
119040_3,simple greedy,True,2,4.852034568786621
89578_3,simple greedy,True,7,16.489909887313843
119840_1,simple greedy,True,7,16.73828387260437
122166_2,simple greedy,True,4,10.620601415634155
54344_3,simple greedy,True,3,7.039181232452393
99726_1,simple greedy,True,11,26.874192237854004
15975_2,simple greedy,True,9,21.603273153305054
164435_3,simple greedy,True,4,10.073102951049805
84548_3,simple greedy,True,10,26.35693049430847
133473_2,simple greedy,True,12,27.573314905166626
146086_1,simple greedy,False,18,45.0446503162384
56107_3,simple greedy,True,8,18.407883644104004
61303_3,simple greedy,True,9,22.62592101097107
100797_1,simple greedy,True,3,7.116985082626343
114296_2,simple greedy,True,8,18.724926710128784
117942_3,simple greedy,True,5,13.34632396697998
133745_1,simple greedy,True,7,17.246891260147095
136042_3,simple greedy,False,28,67.76334261894226
89057_3,simple greedy,False,31,73.42612433433533
125971_2,simple greedy,True,7,18.764867305755615
135450_3,simple greedy,True,2,4.825132846832275
123944_2,simple greedy,True,3,7.039256811141968
167121_3,simple greedy,True,5,13.032156944274902
72274_1,simple greedy,True,3,6.986323118209839
117591_3,simple greedy,True,9,22.341257572174072
79002_1,simple greedy,True,2,5.146245241165161
91971_1,simple greedy,True,16,40.68327569961548
167016_2,simple greedy,True,5,12.87959909439087
114128_1,simple greedy,True,10,26.40239977836609
116519_1,simple greedy,True,1,2.4275455474853516
158527_1,simple greedy,True,12,30.27551770210266
62909_3,simple greedy,True,1,2.269927978515625
156966_1,simple greedy,True,7,17.472306966781616
83940_3,simple greedy,True,2,4.7961719036102295
118191_3,simple greedy,True,11,27.33232617378235
80874_3,simple greedy,True,17,43.652508020401
93940_2,simple greedy,False,33,77.54880213737488
110411_3,simple greedy,True,7,16.601617336273193
87959_2,simple greedy,True,11,26.500131130218506
58519_2,simple greedy,True,3,7.618066072463989
116965_3,simple greedy,True,2,4.6226396560668945
77505_2,simple greedy,True,17,41.98774814605713
136762_1,simple greedy,True,5,12.801765441894531
164060_2,simple greedy,True,3,6.9344658851623535
34875_1,simple greedy,True,1,2.453439474105835
171438_3,simple greedy,True,8,20.446848392486572
75022_2,simple greedy,True,12,27.891902208328247
125739_3,simple greedy,True,5,11.818439483642578
144508_2,simple greedy,True,6,14.623902559280396
153600_2,simple greedy,True,7,17.516164302825928
149827_3,simple greedy,True,9,22.77114176750183
118029_3,simple greedy,True,20,50.68496918678284
73546_3,simple greedy,True,10,24.17499017715454
167279_2,simple greedy,True,10,23.676681756973267
91669_2,simple greedy,True,10,24.634305953979492
89516_1,simple greedy,True,14,33.54352426528931
120720_2,simple greedy,True,9,22.711782932281494
17577_1,simple greedy,True,13,31.947539806365967
142484_2,simple greedy,True,3,7.174814224243164
142695_2,simple greedy,True,3,7.246619462966919
28587_3,simple greedy,True,8,18.86056351661682
12407_1,simple greedy,True,24,55.418896198272705
121005_3,simple greedy,True,8,20.373522520065308
94956_3,simple greedy,True,12,27.553349018096924
151335_2,simple greedy,True,10,25.827940940856934
92081_1,simple greedy,False,20,48.663907051086426
32808_3,simple greedy,True,12,26.566952228546143
48309_3,simple greedy,True,2,4.747385740280151
90709_2,simple greedy,True,30,80.68617630004883
73422_2,simple greedy,True,21,56.12274146080017
87784_1,simple greedy,True,10,29.56494426727295
129029_1,simple greedy,True,20,47.60176491737366
74047_1,simple greedy,True,7,17.215989589691162
160819_2,simple greedy,True,10,24.71244168281555
144960_2,simple greedy,True,9,22.682859420776367
105234_1,simple greedy,True,10,26.124147176742554
148450_1,simple greedy,True,10,27.885894298553467
45862_3,simple greedy,True,20,51.860321283340454
160113_1,simple greedy,True,10,27.47803020477295
30579_3,simple greedy,True,2,4.968717575073242
99835_2,simple greedy,True,6,14.736596822738647
102883_1,simple greedy,True,7,17.053627490997314
169482_2,simple greedy,True,4,9.320076942443848
134776_1,simple greedy,True,15,37.24125003814697
130464_1,simple greedy,True,3,7.0192461013793945
154933_1,simple greedy,False,28,66.4855546951294
154259_3,simple greedy,True,2,5.112332344055176
61444_2,simple greedy,False,29,69.84439826011658
24822_3,simple greedy,True,8,18.860939025878906
109751_2,simple greedy,True,2,5.711730480194092
70917_1,simple greedy,True,7,18.02904725074768
148499_1,simple greedy,False,32,76.44786930084229
142683_1,simple greedy,True,3,7.525343656539917
171929_3,simple greedy,True,10,25.45597267150879
79677_2,simple greedy,True,12,30.769726753234863
160962_3,simple greedy,True,6,14.481323957443237
140124_1,simple greedy,False,17,43.057003021240234
145862_3,simple greedy,True,5,11.962424755096436
37611_2,simple greedy,True,12,28.086934566497803
4622_2,simple greedy,True,8,19.634531259536743
146646_3,simple greedy,True,14,37.6134569644928
121357_2,simple greedy,True,9,22.72963047027588
163915_3,simple greedy,True,13,32.94705367088318
103558_3,simple greedy,True,20,49.134729623794556
171447_1,simple greedy,True,4,9.614295244216919
90638_2,simple greedy,True,2,4.479020833969116
117646_2,simple greedy,True,14,32.86329221725464
70695_2,simple greedy,True,3,6.923486709594727
107965_1,simple greedy,True,10,23.828850746154785
147486_1,simple greedy,True,4,8.690765857696533
117718_1,simple greedy,True,23,57.65381979942322
116743_1,simple greedy,True,8,18.01781940460205
154577_3,simple greedy,True,4,10.44653034210205
119786_1,simple greedy,True,5,12.61961317062378
44189_1,simple greedy,True,8,18.10265588760376
167603_3,simple greedy,True,6,15.518497705459595
114352_3,simple greedy,True,15,37.3491587638855
144924_3,simple greedy,True,7,17.354673862457275
154132_2,simple greedy,True,1,2.3726651668548584
165596_1,simple greedy,True,10,24.478621006011963
170047_1,simple greedy,True,4,9.387916564941406
123509_2,simple greedy,True,6,14.613925457000732
174081_1,simple greedy,True,6,15.611253499984741
45783_3,simple greedy,True,27,64.22928595542908
60835_3,simple greedy,True,3,7.258551836013794
91000_3,simple greedy,True,10,25.2275390625
155963_1,simple greedy,True,2,4.487998008728027
145967_2,simple greedy,True,7,17.856170415878296
131816_1,simple greedy,False,7,16.912757396697998
1601_1,simple greedy,True,3,6.977399110794067
105197_3,simple greedy,True,3,7.504939079284668
69531_1,simple greedy,True,9,22.246604442596436
120105_2,simple greedy,True,5,12.852647066116333
154630_1,simple greedy,True,9,23.071306943893433
61213_2,simple greedy,True,1,2.3469252586364746
151422_2,simple greedy,True,4,9.576390981674194
74326_1,simple greedy,True,7,17.02846884727478
154800_1,simple greedy,True,3,6.9873268604278564
46721_3,simple greedy,True,5,12.241313219070435
141006_3,simple greedy,False,7,16.4557843208313
117922_2,simple greedy,True,14,36.08091688156128
60474_2,simple greedy,True,12,29.254778146743774
68859_2,simple greedy,True,6,14.35591459274292
72519_1,simple greedy,True,2,4.952754259109497
53838_3,simple greedy,True,8,19.483897924423218
35885_1,simple greedy,True,5,11.553107738494873
156307_1,simple greedy,True,11,27.26508641242981
117334_2,simple greedy,True,4,10.666739702224731
114514_1,simple greedy,True,3,6.853679656982422
138480_1,simple greedy,True,10,24.885459661483765
78057_1,simple greedy,True,8,20.927388906478882
174032_3,simple greedy,True,5,12.552892923355103
113319_2,simple greedy,True,2,4.719377279281616
146547_1,simple greedy,True,11,28.081482410430908
29695_2,simple greedy,True,11,25.72921919822693
113793_1,simple greedy,True,10,23.756035089492798
96616_2,simple greedy,True,10,23.098212003707886
32712_2,simple greedy,True,6,13.852282285690308
69426_1,simple greedy,True,12,29.20245885848999
123900_2,simple greedy,True,1,2.72575044631958
136609_2,simple greedy,True,14,33.509957790374756
62448_2,simple greedy,True,3,7.12054705619812
110349_2,simple greedy,True,1,2.785550355911255
71753_1,simple greedy,True,7,16.43110942840576
115522_3,simple greedy,True,5,11.434428930282593
141026_2,simple greedy,False,12,28.18266534805298
48308_3,simple greedy,True,7,16.786158323287964
19357_2,simple greedy,True,2,4.588728427886963
38655_2,simple greedy,True,21,51.05470371246338
109444_2,simple greedy,True,6,14.645151138305664
174055_1,simple greedy,True,11,27.588274478912354
86649_3,simple greedy,True,3,7.944791555404663
137463_2,simple greedy,True,8,20.502472639083862
150860_2,simple greedy,True,12,30.16360855102539
161385_3,simple greedy,True,3,7.085683584213257
169152_2,simple greedy,True,5,12.625331401824951
154329_2,simple greedy,False,28,68.45606279373169
59795_1,simple greedy,True,2,4.779218673706055
164519_3,simple greedy,True,3,6.745975494384766
119861_2,simple greedy,False,34,82.01097345352173
85517_3,simple greedy,True,2,5.371673822402954
23625_2,simple greedy,True,24,59.66184329986572
3648_1,simple greedy,True,8,16.99298930168152
61861_2,simple greedy,True,13,31.11481785774231
112633_1,simple greedy,True,12,30.03568959236145
29106_3,simple greedy,True,7,16.574673891067505
58744_2,simple greedy,True,9,22.11091113090515
101437_1,simple greedy,True,3,7.4470837116241455
79132_1,simple greedy,True,12,30.97218680381775
93485_2,simple greedy,False,13,29.896109104156494
85836_3,simple greedy,True,23,56.21508741378784
158463_1,simple greedy,True,14,35.3106255531311
141046_1,simple greedy,True,8,17.995378732681274
122762_1,simple greedy,True,14,38.66200017929077
20732_2,simple greedy,True,9,23.56698441505432
56626_2,simple greedy,True,9,21.248210430145264
31521_1,simple greedy,True,8,20.501561403274536
143601_3,simple greedy,True,15,35.550447940826416
102900_1,simple greedy,True,14,36.646024227142334
96918_3,simple greedy,True,6,15.849626541137695
92517_3,simple greedy,True,14,35.051979064941406
99698_2,simple greedy,True,9,21.323986053466797
90094_3,simple greedy,True,2,4.599698543548584
112506_3,simple greedy,True,6,15.826669216156006
38213_1,simple greedy,True,9,23.40687322616577
117573_1,simple greedy,True,6,15.720960855484009
49847_3,simple greedy,True,4,12.771095752716064
89849_1,simple greedy,True,11,30.749772310256958
93516_3,simple greedy,True,8,20.732558012008667
135801_1,simple greedy,True,5,15.280148267745972
60717_2,simple greedy,True,3,9.535504341125488
